<?xml version="1.0" encoding="UTF-8"?>
<project-private xmlns="http://www.netbeans.org/ns/project-private/1">
    <editor-bookmarks xmlns="http://www.netbeans.org/ns/editor-bookmarks/2" lastBookmarkId="0"/>
    <open-files xmlns="http://www.netbeans.org/ns/projectui-open-files/2">
        <group>
            <file>file:/C:/Users/zeeshan/Desktop/Uni%20work/SEM2/2020-1_SEM2%20Software%20Design%20and%20Development/Aneef_DB_App/src/Data_Access.java</file>
            <file>file:/C:/Users/zeeshan/Desktop/Uni%20work/SEM2/2020-1_SEM2%20Software%20Design%20and%20Development/Aneef_DB_App/src/main_GUI.java</file>
            <file>file:/C:/Users/zeeshan/Desktop/Uni%20work/SEM2/2020-1_SEM2%20Software%20Design%20and%20Development/Aneef_DB_App/src/launcher.java</file>
            <file>file:/C:/Users/zeeshan/Desktop/Uni%20work/SEM2/2020-1_SEM2%20Software%20Design%20and%20Development/Aneef_DB_App/src/Data_Logic.java</file>
        </group>
    </open-files>
</project-private>
